"Year","OM","Total Divers","# Air Dives","# Air Divers","Air Dive Time (min)","# MIxed Gas Dives","# Mixed Gas Divers","Mixed Gas Time (mins)","# Nitrox Dives","# Nitrox Divers","Nitrox Dive Time (min)","ContactKey","# Hookah Dives","# Hookah Divers","Hookah Dive Time (min)","# Open Circuit Dives","# Open Circuit Divers","Open Circuit Dive Time (min)","# Rebreather Dives","# Rebreather Divers","Rebreather Dive Time (min)","# Surface Supplied Dives","# Surface Supplied Divers","Surface Supplied Dive Time (min)","# Computer Dives","# Computer Divers","Computer Dive Time (min)","# Software Dives","# Software Divers","Software Dive Time (min)","# Table Dives","# Table Divers","Table Dive Time (min)","# 0-30ft Dives","# 0-30ft Divers","#31-60ft Dives","#31-60ft Divers","#61-100ft Dives","#61-100ft Divers","# 101-130ft Dives","# 101-130ft Divers","# 131-150ft Dives","#131-150ft Divers","# 151-190ft Dives","#151-190ft Divers","# 191+ft Dives","# 191+ft Divers","# Science Dives","# Science Divers","Science Dive Time (min)","#T/P Dives","# T/P Divers","T/P Dive Time (min)","# Aquarium Dives","# Aquarium Divers","Aquarium Dive Time (min)","# Bluewater Dives","# Bluewater Divers","Blue Water Dive Time (min)","# IcePolar Dives","# IcePolar Divers","IcePolar Dive Time (min)","# Overhead Dives","# Overhead Divers","Overhead Dive Time (min)","# ReqDecomp Dives","# ReqDecomp Divers","ReqDecomp Dive Time (min)","# Sat Dives","# Sat Divers","Sat Dive Time (min)","Total  Dive Incidents"
"2021","International School for Scientific Diving","20","442","10","22100","0","0","0","42","12","2100","24860","0","0","0","484","20","24200","0","0","0","0","0","0","484","20","24200","0","0","0","0","0","0","0","0","180","20","220","10","84","10","0","0","0","0","0","0","400","10","20000","84","12","4200","0","0","0","0","0","0","0","0","0","0","0","0","0","0","0","0","0","0","0"
"2021","Aecom","10","94","10","6002","0","0","0","0","0","0","24862","0","0","0","94","10","6002","0","0","0","0","0","0","0","0","0","0","0","0","94","10","6002","59","8","35","7","0","0","0","0","0","0","0","0","0","0","78","7","5571","16","5","431","0","0","0","0","0","0","0","0","0","0","0","0","0","0","0","0","0","0","0"
"2021","Alaska SeaLife Center","12","423","12","18447","0","0","0","1","1","60","24863","0","0","0","424","12","18507","0","0","0","0","0","0","50","6","2330","0","0","0","374","10","16177","408","12","13","4","3","2","0","0","0","0","0","0","0","0","404","11","17704","20","4","803","405","12","17705","0","0","0","0","0","0","0","0","0","0","0","0","0","0","0","0"
"2021","Alaska Pacific University","7","97","7","3246","0","0","0","0","0","0","24864","0","0","0","97","7","3246","0","0","0","0","0","0","97","7","3246","0","0","0","0","0","0","80","6","12","5","5","5","0","0","0","0","0","0","0","0","55","6","1923","42","7","1323","0","0","0","0","0","0","0","0","0","0","0","0","0","0","0","0","0","0","0"
"2021","American Museum of Natural History","0","0","0","0","0","0","0","0","0","0","24866","0","0","0","0","0","0","0","0","0","0","0","0","0","0","0","0","0","0","0","0","0","0","0","0","0","0","0","0","0","0","0","0","0","0","0","0","0","0","0","0","0","0","0","0","0","0","0","0","0","0","0","0","0","0","0","0","0","0","0","0"
"2021","Applied Research Laboratories: The University of Texas @ Austin","14","361","14","7107","0","0","0","0","0","0","24867","0","0","0","361","14","7107","0","0","0","0","0","0","361","14","7107","0","0","0","0","0","0","139","14","222","14","0","0","0","0","0","0","0","0","0","0","315","14","5727","46","14","1380","0","0","0","0","0","0","0","0","0","0","0","0","0","0","0","0","0","0","0"
"2021","Aquarium of the Pacific","15","190","15","5757","38","3","2346","3","1","154","24868","0","0","0","193","15","5911","38","3","2346","0","0","0","231","15","8257","0","0","0","0","0","0","60","15","62","13","100","14","6","3","3","1","0","0","0","0","231","15","8257","0","0","0","0","0","0","0","0","0","0","0","0","0","0","0","0","0","0","0","0","0","0"
"2021","Arizona State University - GDCS","8","258","8","6322","0","0","0","0","0","0","24870","0","0","0","258","8","6322","0","0","0","0","0","0","258","8","6322","0","0","0","0","0","0","146","4","112","4","0","0","0","0","0","0","0","0","0","0","258","8","6322","0","0","0","0","0","0","0","0","0","0","0","0","0","0","0","0","0","0","0","0","0","0"
"2021","AtkinsRéalis USA Inc","12","191","12","8453","0","0","0","35","2","1422","24871","0","0","0","226","12","9875","0","0","0","0","0","0","226","12","9875","0","0","0","0","0","0","167","12","28","9","28","4","3","1","0","0","0","0","0","0","183","12","8061","43","6","1814","0","0","0","0","0","0","0","0","0","0","0","0","0","0","0","0","0","0","0"
"2021","Bermuda Institute of Ocean Sciences","22","415","22","16807","0","0","0","0","0","0","24872","0","0","0","415","22","16807","0","0","0","0","0","0","415","22","16807","0","0","0","0","0","0","309","22","66","19","40","18","0","0","0","0","0","0","0","0","344","22","14786","71","15","2021","0","0","0","0","0","0","0","0","0","0","0","0","0","0","0","0","0","0","0"
"2021","Boston University","16","272","16","9565","0","0","0","0","0","0","24873","0","0","0","272","16","9565","0","0","0","0","0","0","220","6","7636","0","0","0","52","15","1929","206","7359","52","1792","14","414","0","0","0","0","0","0","0","0","66","9","2728","206","14","6837","0","0","0","0","0","0","0","0","0","0","0","0","0","0","0","0","0","0","0"
"2021","Broward County, FL Natural Resources Division","14","75","11","3619","0","0","0","67","13","2318","24874","0","0","0","142","14","5937","0","0","0","0","0","0","142","14","5937","0","0","0","0","0","0","45","8","54","12","29","12","14","5","0","0","0","0","0","0","136","14","5637","6","2","300","0","0","0","0","0","0","0","0","0","0","0","0","0","0","0","0","0","0","0"
"2021","California Academy of Sciences","16","166","15","11783","35","8","3713","0","0","0","24875","0","0","0","84","8","4422","112","9","10952","5","2","122","175","14","14278","0","0","0","26","5","1218","65","13","54","12","40","10","13","7","1","1","7","6","21","7","122","15","8217","79","10","7279","5","2","122","0","0","0","0","0","0","0","0","0","26","5","3183","0","0","0","0"
"2021","California Department of Fish & Wildlife","29","421","26","17826","0","0","0","321","12","13826","24876","0","0","0","742","29","31652","0","0","0","0","0","0","742","29","31652","0","0","0","0","0","0","192","17","196","25","351","16","3","3","0","0","0","0","0","0","734","29","31306","8","4","346","0","0","0","0","0","0","0","0","0","0","0","0","0","0","0","0","0","0","2"
"2021","California Science Center Foundation","19","84","19","2614","0","0","0","0","0","0","24877","0","0","0","84","18","2614","0","0","0","0","0","0","24","9","1783","0","0","0","60","13","831","58","18","25","9","1","1","0","0","0","0","0","0","0","0","65","15","1893","19","10","721","17","13","460","0","0","0","0","0","0","0","0","0","0","0","0","0","0","0","0"
"2021","California State University Monterey Bay","45","452","45","18735","0","0","0","0","0","0","24879","0","0","0","452","45","18735","0","0","0","0","0","0","444","42","18524","2","1","49","6","2","162","200","44","199","29","48","16","1","1","4","3","0","0","0","0","312","16","14151","140","39","4584","0","0","0","1","1","27","0","0","0","0","0","0","0","0","0","0","0","0","0"
"2021","California Polytechnic State University San Luis Obispo","20","216","20","5264","0","0","0","0","0","0","24880","0","0","0","214","20","5249","0","0","0","2","2","15","85","8","1843","0","0","0","131","13","3421","131","18","75","16","2","2","1","1","7","7","0","0","0","0","58","11","1263","158","13","4001","0","0","0","0","0","0","0","0","0","0","0","0","0","0","0","0","0","0","0"
"2021","Aptim","9","0","0","0","0","0","0","436","9","20286","24884","0","0","0","436","9","20286","0","0","0","0","0","0","436","9","20286","0","0","0","0","0","0","434","9","2","2","0","0","0","0","0","0","0","0","0","0","436","9","20286","0","0","0","0","0","0","0","0","0","0","0","0","0","0","0","0","0","0","0","0","0","0"
"2021","CSA Ocean Sciences Inc,","22","1048","22","54637","0","0","0","756","13","39038","24885","0","0","0","1804","22","93675","0","0","0","0","0","0","1804","22","93675","0","0","0","0","0","0","1078","22","590","15","136","15","0","0","0","0","0","0","0","0","1682","22","86975","122","15","6700","0","0","0","0","0","0","0","0","0","0","0","0","0","0","0","0","0","0","0"
"2021","Dauphin Island Sea Lab","28","441","28","12322","0","0","0","0","0","0","24886","0","0","0","441","28","12322","0","0","0","0","0","0","413","27","11170","0","0","0","28","4","1152","162","19","167","21","103","14","9","6","0","0","0","0","0","0","357","23","9857","84","14","2465","0","0","0","0","0","0","0","0","0","0","0","0","0","0","0","0","0","0","0"
"2021","Dial Cordy and Associates Inc.","5","0","0","0","0","0","0","512","5","21456","24889","0","0","0","512","5","21456","0","0","0","0","0","0","512","5","21456","0","0","0","0","0","0","512","5","0","0","0","0","0","0","0","0","0","0","0","0","507","5","21294","5","5","162","0","0","0","0","0","0","0","0","0","0","0","0","0","0","0","0","0","0","0"
"2021","Duke University","5","110","5","3545","0","0","0","0","0","0","24890","0","0","0","110","5","3545","0","0","0","0","0","0","108","4","3505","0","0","0","2","1","40","79","4","25","4","4","2","2","1","0","0","0","0","0","0","33","2","1433","77","5","2112","0","0","0","0","0","0","0","0","0","0","0","0","0","0","0","0","0","0","0"
"2021","East Carolina University","33","405","33","17778","0","0","0","33","10","717","24891","0","0","0","436","33","18456","2","1","39","0","0","0","438","33","18495","0","0","0","0","0","0","353","31","64","17","21","10","0","0","0","0","0","0","0","0","261","26","12555","177","28","5940","0","0","0","0","0","0","0","0","0","0","0","0","0","0","0","0","0","0","0"
"2021","Florida Atlantic University","41","598","40","22729","42","5","2051","187","13","5517","24893","0","0","0","797","41","28346","30","4","1951","0","0","0","743","37","27386","0","0","0","84","7","2911","401","36","229","28","144","17","15","3","21","5","17","6","0","0","694","36","24870","133","29","5427","2","2","48","0","0","0","0","0","0","0","0","0","48","6","2273","0","0","0","0"
"2021","Florida Institute of Technology","10","121","10","2498","0","0","0","6","1","36","24894","1","1","30","126","10","2504","0","0","0","0","0","0","111","8","2265","0","0","0","16","2","269","109","10","18","6","0","0","0","0","0","0","0","0","0","0","58","6","1632","69","6","902","0","0","0","0","0","0","0","0","0","0","0","0","0","0","0","0","0","0","0"
"2021","Florida International University","55","895","55","28841","0","0","0","104","18","4085","24895","0","0","0","979","55","32042","20","1","884","0","0","0","999","55","32926","0","0","0","0","0","0","628","55","177","55","184","34","10","1","0","0","0","0","0","0","740","36","23939","259","29","8987","0","0","0","0","0","0","0","0","0","0","0","0","0","0","0","0","0","0","0"
"2021","College of the Florida Keys","12","202","12","7514","0","0","0","0","0","0","24896","0","0","0","202","12","7514","0","0","0","0","0","0","177","9","6453","0","0","0","25","4","1061","94","12","101","11","5","5","2","2","0","0","0","0","0","0","93","2","3557","109","11","3957","0","0","0","0","0","0","0","0","0","0","0","0","0","0","0","0","0","0","0"
"2021","Florida State University","63","1049","62","46184","0","0","0","483","30","32108","24897","49","8","3106","1483","63","75186","0","0","0","0","0","0","1391","59","72676","0","0","0","141","13","5616","776","52","527","53","223","45","6","3","0","0","0","0","0","0","941","40","53856","591","54","24436","0","0","0","0","0","0","0","0","0","23","8","693","8","4","289","0","0","0","2"
"2021","Florida State University Panama City","23","120","22","3248","0","0","0","226","21","6599","24898","0","0","0","346","23","9847","0","0","0","0","0","0","150","10","4441","0","0","0","196","17","5406","137","23","110","23","98","23","1","1","0","0","0","0","0","0","60","10","1891","286","23","7956","1","1","30","1","1","30","0","0","0","151","21","4296","13","5","323","0","0","0","0"
"2021","FWC/Fish and Wildlife Research Institute","93","4121","68","144840","0","0","0","1949","54","63307","24899","43","1","697","6027","93","207450","0","0","0","0","0","0","4746","75","186844","0","0","0","1324","18","21303","3878","81","1406","60","601","51","179","27","6","5","0","0","0","0","5305","79","189264","765","37","18883","0","0","0","0","0","0","0","0","0","0","0","0","0","0","0","0","0","0","0"
"2021","Georgia Aquarium Inc.","28","115","32","5832","0","0","0","0","0","0","24901","0","0","0","81","24","4272","32","6","1410","2","2","150","0","0","0","0","0","0","115","32","5832","115","28","0","0","0","0","0","0","0","0","0","0","0","0","115","28","5832","0","0","0","115","28","5832","0","0","0","0","0","0","0","0","0","0","0","0","0","0","0","0"
"2021","Hawaii Division of Aquatic Resources","36","1165","33","45773","0","0","0","353","16","14955","24903","0","0","0","1518","36","60728","0","0","0","0","0","0","1517","36","60666","0","0","0","1","1","62","600","36","739","33","177","21","2","2","0","0","0","0","0","0","1364","30","53108","154","24","7620","0","0","0","0","0","0","0","0","0","0","0","0","0","0","0","0","0","0","0"
"2021","Cal Poly Humboldt","49","678","49","27009","0","0","0","0","0","0","24905","0","0","0","678","49","27009","0","0","0","0","0","0","678","49","27009","0","0","0","0","0","0","381","49","235","49","45","40","17","15","0","0","0","0","0","0","259","36","10732","419","49","16277","0","0","0","0","0","0","0","0","0","0","0","0","0","0","0","0","0","0","0"
"2021","Jr Scientists In The Sea","6","72","6","2175","0","0","0","0","0","0","24907","0","0","0","72","6","2175","0","0","0","0","0","0","72","6","2175","0","0","0","0","0","0","72","6","0","0","0","0","0","0","0","0","0","0","0","0","72","6","2175","0","0","0","0","0","0","0","0","0","0","0","0","0","0","0","0","0","0","0","0","0","0"
"2021","Khaled Bin Sultan Living Oceans Foundation","4","9","4","540","0","0","0","0","0","0","24908","0","0","0","9","4","540","0","0","0","0","0","0","9","4","540","0","0","0","0","0","0","9","4","0","0","0","0","0","0","0","0","0","0","0","0","9","4","540","0","0","0","0","0","0","0","0","0","0","0","0","0","0","0","0","0","0","0","0","0","0"
"2021","Louisiana Universities Marine Consortium","12","125","12","4120","0","0","0","5","2","205","24909","0","0","0","130","12","4325","0","0","0","0","0","0","122","11","4063","0","0","0","8","4","262","39","9","76","9","15","7","0","0","0","0","0","0","0","0","95","12","3315","35","7","1010","0","0","0","0","0","0","0","0","0","0","0","0","0","0","0","0","0","0","0"
"2021","Marine Biological Labratory","12","170","12","5733","0","0","0","0","0","0","24911","0","0","0","170","12","5733","0","0","0","0","0","0","170","12","5733","0","0","0","0","0","0","74","12","92","7","4","1","0","0","0","0","0","0","0","0","155","12","5213","15","5","520","0","0","0","0","0","0","0","0","0","0","0","0","0","0","0","0","0","0","0"
"2021","Marine Sci. Group, Dept. of Biological Geological & Env. Sci., Univ. of Bologna","26","65","26","3487","0","0","0","0","0","0","24913","0","0","0","65","26","3487","0","0","0","0","0","0","65","26","3487","0","0","0","0","0","0","40","27","16","11","2","2","2","2","5","3","0","0","0","0","14","14","980","51","14","2507","0","0","0","0","0","0","0","0","0","0","0","0","0","0","0","0","0","0","0"
"2021","MBC Aquatic Sciences","6","319","6","6298","0","0","0","0","0","0","24914","0","0","0","319","6","6298","0","0","0","0","0","0","319","6","6298","0","0","0","0","0","0","105","6","207","6","6","2","1","1","0","0","0","0","0","0","276","6","4764","43","5","1534","0","0","0","0","0","0","0","0","0","0","0","0","0","0","0","0","0","0","0"
"2021","Merkel & Associates, Inc.","10","1027","10","50721","0","0","0","0","0","0","24915","0","0","0","1027","10","50721","0","0","0","0","0","0","1027","10","50721","0","0","0","0","0","0","1007","10","20","5","0","0","0","0","0","0","0","0","0","0","1027","10","50721","0","0","0","0","0","0","0","0","0","0","0","0","0","0","0","0","0","0","0","0","0","0"
"2021","Monterey Bay Aquarium","23","129","20","4950","0","0","0","29","6","1491","24916","0","0","0","158","23","6441","0","0","0","0","0","0","158","23","6441","0","0","0","0","0","0","52","17","93","20","13","6","0","0","0","0","0","0","0","0","138","21","5397","20","7","1044","0","0","0","29","6","1477","0","0","0","0","0","0","0","0","0","0","0","0","0"
"2021","Moody Gardens","3","34","3","1418","5","1","418","34","3","2940","24917","0","0","0","58","2","2640","15","3","2136","0","0","0","73","0","4776","0","0","0","0","0","0","15","3","19","3","18","3","12","3","6","2","3","1","0","0","24","2","1222","49","3","3554","0","0","0","0","0","0","0","0","0","0","0","0","5","1","418","0","0","0","0"
"2021","Moss Landing Marine Laboratories","53","294","40","10930","0","0","0","499","39","20315","24918","0","0","0","793","53","31245","0","0","0","0","0","0","704","50","27877","0","0","0","89","14","3368","278","47","446","49","69","28","0","0","0","0","0","0","0","0","654","53","26496","139","21","4749","0","0","0","40","5","406","0","0","0","0","0","0","0","0","0","0","0","0","0"
"2021","Mote Marine Laboratory and Aquarium","62","3571","59","205458","24","4","2464","229","10","11592","24919","204","19","11324","3605","58","207129","15","2","1061","0","0","0","3197","32","186553","0","0","0","627","33","32961","3410","60","203","16","144","14","50","8","4","3","8","4","5","1","3653","62","211543","171","34","7971","624","33","32808","0","0","0","0","0","0","4","1","430","14","2","843","0","0","0","0"
"2021","National Aeronautics and Space Administration","2","6","2","254","0","0","0","0","0","0","24920","0","0","0","6","2","254","0","0","0","0","0","0","2","1","102","0","0","0","4","2","152","2","1","4","2","0","0","0","0","0","0","0","0","0","0","0","0","0","6","2","254","0","9","0","0","0","0","0","0","0","0","0","0","0","0","0","0","0","0","0"
"2021","New York Aquarium","127","2025","127","169670","0","0","0","0","0","0","24922","214","50","16707","1811","125","152963","0","0","0","0","0","0","77","26","3875","0","0","0","1948","127","165795","2023","127","2","2","0","0","0","0","0","0","0","0","0","0","1927","124","164137","98","62","5533","1948","127","165795","0","0","0","0","0","0","0","0","0","0","0","0","0","0","0","0"
"2021","NIWA New Zealand","34","2420","32","43217","0","0","0","722","15","28320","24923","0","0","0","3142","32","71537","0","0","0","0","0","0","1570","15","47768","0","0","0","1572","23","23769","2374","32","620","27","130","19","18","10","0","0","0","0","0","0","3032","32","68161","110","11","3376","0","0","0","0","0","0","0","0","0","0","0","0","0","0","0","0","0","0","2"
"2021","Noble Odyssey Foundation","1","38","1","848","0","0","0","0","0","0","24924","0","0","0","38","1","848","0","0","0","0","0","0","0","0","0","0","0","0","38","1","848","11","1","14","1","12","1","1","1","0","0","0","0","0","0","32","1","804","6","1","44","0","0","0","0","0","0","0","0","0","0","0","0","0","0","0","0","0","0","0"
"2021","North Carolina Aquariums","13","33","11","1284","0","0","0","127","8","4016","24926","0","0","0","136","13","4488","23","1","793","1","1","19","159","13","5265","0","0","0","1","1","35","12","6","20","10","43","7","83","9","2","2","0","0","0","0","112","9","3668","48","9","1632","0","0","0","0","0","0","0","0","0","0","0","0","0","0","0","0","0","0","0"
"2021","Nova Southeastern University Halmos College of Arts and Sciences","39","4491","39","211113","0","0","0","497","24","26094","24927","0","0","0","4988","39","237207","0","0","0","0","0","0","4783","38","226816","201","1","10019","4","1","372","3971","37","773","34","227","26","16","10","1","1","0","0","0","0","4794","35","228879","194","20","8328","0","0","0","2","1","30","0","0","0","0","0","0","0","0","0","0","0","0","0"
"2021","Northeastern University","49","1047","49","30062","0","0","0","0","0","0","24928","0","0","0","1047","49","30062","0","0","0","0","0","0","1047","49","30062","0","0","0","0","0","0","971","49","76","23","0","0","0","0","0","0","0","0","0","0","414","28","13489","633","42","16573","0","0","0","0","0","0","0","0","0","0","0","0","0","0","0","0","0","0","0"
"2021","Occidental College","17","1061","17","25607","0","0","0","398","11","9566","24929","0","0","0","1459","17","35173","0","0","0","0","0","0","1459","17","35173","0","0","0","0","0","0","361","15","816","17","280","16","2","1","0","0","0","0","0","0","1459","17","35173","0","0","0","0","0","0","0","0","0","0","0","0","0","0","0","0","0","0","0","0","0","0"
"2021","Old Dominion University","11","111","11","5382","0","0","0","5","3","273","24930","0","0","0","109","11","5356","7","1","299","0","0","0","112","9","5516","0","0","0","4","3","139","64","11","40","5","7","2","5","2","0","0","0","0","0","0","66","6","3635","50","9","2020","0","0","0","0","0","0","0","0","0","0","0","0","1","1","45","0","0","0","0"
"2021","Oregon Coast Aquarium","71","1493","71","72056","0","0","0","0","0","0","24931","197","7","8413","1296","71","63643","0","0","0","0","0","0","148","9","5260","0","0","0","1345","71","66796","1360","71","60","7","73","7","0","0","0","0","0","0","0","0","1372","67","67601","121","22","4455","1347","71","66887","0","0","0","0","0","0","0","0","0","0","0","0","0","0","0","0"
"2021","Oregon State University","16","380","16","19799","0","0","0","8","3","288","24933","0","0","0","388","16","20087","0","0","0","0","0","0","381","16","19874","0","0","0","7","1","213","98","14","264","11","26","5","0","0","0","0","0","0","0","0","296","12","14979","92","10","5108","3","1","74","19","1","966","0","0","0","0","0","0","0","0","0","0","0","0","0"
"2021","Oregon Zoo","20","496","20","25845","0","0","0","0","0","0","24934","0","0","0","496","20","25845","0","0","0","0","0","0","206","9","11445","0","0","0","290","14","14400","496","20","0","0","0","0","0","0","0","0","0","0","0","0","496","20","25845","0","0","0","356","16","18700","0","0","0","0","0","0","0","0","0","0","0","0","0","0","0","0"
"2021","Pennsylvania State University","21","267","21","10010","3","1","196","3","3","142","24935","0","0","0","273","21","10348","0","0","0","0","0","0","150","14","6241","0","0","0","123","13","4107","224","21","10","6","29","6","4","1","0","0","3","1","3","1","89","7","2987","184","17","7361","0","0","0","0","0","0","2","1","71","2","1","101","3","1","229","0","0","0","0"
"2021","Point Defiance Zoo and Aquarium","28","1171","28","67622","0","0","0","0","0","0","24937","203","22","11039","968","45","56583","0","0","0","0","0","0","522","17","29969","0","0","0","649","22","37653","1121","28","48","12","2","1","0","0","0","0","0","0","0","0","1137","28","65797","34","13","1825","1089","28","63008","0","0","0","0","0","0","1","1","40","0","0","0","0","0","0","0"
"2021","R. Christopher Goodwin and Associates","2","0","0","0","0","0","0","0","0","0","24939","0","0","0","0","0","0","0","0","0","0","0","0","0","0","0","0","0","0","0","0","0","0","0","0","0","0","0","0","0","0","0","0","0","0","0","0","0","0","0","0","0","0","0","0","0","0","0","0","0","0","0","0","0","0","0","0","0","0","0","0"
"2021","Ripleys Entertainment","56","4688","56","122690","0","0","0","0","0","0","24940","0","0","0","4688","56","122690","0","0","0","0","0","0","0","0","0","0","0","0","4688","56","122690","4688","56","0","0","0","0","0","0","0","0","0","0","0","0","4688","56","122690","0","0","0","0","0","0","0","0","0","0","0","0","0","0","0","0","0","0","0","0","0","0"
"2021","Stockton University","0","0","0","0","0","0","0","0","0","0","24941","0","0","0","0","0","0","0","0","0","0","0","0","0","0","0","0","0","0","0","0","0","0","0","0","0","0","0","0","0","0","0","0","0","0","0","0","0","0","0","0","0","0","0","0","0","0","0","0","0","0","0","0","0","0","0","0","0","0","0","0"
"2021","Ruppin Academic Center","63","110","63","4950","0","0","0","0","0","0","24942","0","0","0","110","63","4950","0","0","0","0","0","0","110","63","4950","0","0","0","0","0","0","99","63","11","17","0","0","0","0","0","0","0","0","0","0","50","40","2250","60","23","2700","0","0","0","0","0","0","0","0","0","0","0","0","0","0","0","0","0","0","0"
"2021","Rutgers University-School of Environmental and Biological Sciences","0","0","0","0","0","0","0","0","0","0","24943","0","0","0","0","0","0","0","0","0","0","0","0","0","0","0","0","0","0","0","0","0","0","0","0","0","0","0","0","0","0","0","0","0","0","0","0","0","0","0","0","0","0","0","0","0","0","0","0","0","0","0","0","0","0","0","0","0","0","0","0"
"2021","San Diego State University","37","974","37","41518","0","0","0","4","2","90","24945","0","0","0","978","37","41608","0","0","0","0","0","0","901","37","40068","0","0","0","77","7","1540","601","36","233","27","138","7","6","2","0","0","0","0","0","0","880","33","39868","98","6","1740","0","0","0","8","2","262","0","0","0","0","0","0","0","0","0","0","0","0","0"
"2021","San Francisco State University","18","228","18","7702","0","0","0","3","2","81","24946","0","0","0","231","18","7783","0","0","0","0","0","0","229","18","7718","0","0","0","2","1","65","172","17","42","12","17","4","0","0","0","0","0","0","0","0","216","17","7368","15","6","415","0","0","0","0","0","0","0","0","0","0","0","0","0","0","0","0","0","0","0"
"2021","Scripps Institution of Oceanography/UC San Diego","126","2300","125","89359","0","0","0","698","43","31209","24947","1","1","50","2997","126","120518","0","0","0","0","0","0","2998","126","120568","0","0","0","0","0","0","1125","113","1283","92","556","72","33","16","1","1","0","0","0","0","2653","118","109278","345","29","11290","60","12","2422","38","11","1107","0","0","0","0","0","0","0","0","0","0","0","0","0"
"2021","SCUBAnauts International, Inc.","71","1069","66","51807","0","0","0","269","26","9170","24948","0","0","0","1338","71","60977","0","0","0","0","0","0","153","16","6016","0","0","0","1185","71","54961","873","67","226","48","232","40","7","4","0","0","0","0","0","0","810","55","31486","528","71","29491","16","16","720","0","0","0","0","0","0","0","0","0","0","0","0","0","0","0","0"
"2021","Seattle Aquarium","20","906","20","47136","0","0","0","4","2","116","24950","0","0","0","277","19","10352","0","0","0","633","16","36900","910","20","47252","0","0","0","0","0","0","772","20","68","14","66","12","4","2","0","0","0","0","0","0","842","20","43648","68","9","3604","633","16","36900","0","0","0","0","0","0","0","0","0","0","0","0","0","0","0","0"
"2021","Shannon Point Marine Center","11","155","9","7184","0","0","0","103","4","5613","24951","0","0","0","258","11","12797","0","0","0","0","0","0","256","11","12690","0","0","0","2","1","107","174","9","70","6","14","5","0","0","0","0","0","0","0","0","232","9","11958","26","4","839","0","0","0","0","0","0","0","0","0","0","0","0","0","0","0","0","0","0","0"
"2021","Smithsonian Institution","32","925","32","27697","0","0","0","114","6","5231","24953","0","0","0","1039","32","32928","0","0","0","0","0","0","1039","32","32928","0","0","0","0","0","0","775","32","214","19","50","7","0","0","0","0","0","0","0","0","1014","32","31931","25","16","997","13","1","1025","0","0","0","0","0","0","0","0","0","0","0","0","0","0","0","0"
"2021","South Carolina Aquarium","47","1063","47","42520","0","0","0","0","0","0","24954","0","0","0","990","45","39600","0","0","0","73","5","2920","990","45","39600","0","0","0","73","5","2920","73","5","990","45","0","0","0","0","0","0","0","0","0","0","1063","47","42520","0","0","0","1063","47","42520","0","0","0","0","0","0","0","0","0","0","0","0","0","0","0","0"
"2021","SEARCH, Inc","5","22","5","749","0","0","0","0","0","0","24955","0","0","0","22","5","749","0","0","0","0","0","0","22","5","749","0","0","0","0","0","0","21","5","1","1","0","0","0","0","0","0","0","0","0","0","11","2","444","11","4","305","0","0","0","0","0","0","0","0","0","0","0","0","0","0","0","0","0","0","0"
"2021","Southern California Ocean Restoration Divers","8","513","7","15438","0","0","0","139","7","5339","24956","0","0","0","652","8","20777","0","0","0","0","0","0","502","8","16818","150","1","3959","0","0","0","217","7","210","6","225","7","0","0","0","0","0","0","0","0","647","7","20633","5","3","144","0","0","0","0","0","0","0","0","0","0","0","0","0","0","0","0","0","0","0"
"2021","Stanford University","20","337","20","14624","0","0","0","74","4","1411","24957","0","0","0","411","20","16035","0","0","0","0","0","0","411","20","16035","0","0","0","0","0","0","228","18","173","16","10","4","0","0","0","0","0","0","0","0","374","20","15058","37","4","977","0","0","0","0","0","0","0","0","0","0","0","0","0","0","0","0","0","0","0"
"2021","Tenera Environmental","9","567","9","23702","0","0","0","0","0","0","24961","0","0","0","567","9","23702","0","0","0","0","0","0","567","9","23702","0","0","0","0","0","0","360","9","153","9","39","8","15","6","0","0","0","0","0","0","546","9","23064","21","7","638","0","0","0","0","0","0","0","0","0","0","0","0","0","0","0","0","0","0","0"
"2021","Tetra Tech","4","199","4","12402","0","0","0","0","0","0","24962","0","0","0","199","4","12402","0","0","0","0","0","0","199","4","12402","0","0","0","0","0","0","162","4","26","1","9","1","2","2","0","0","0","0","0","0","197","4","12318","2","2","84","0","0","0","0","0","0","0","0","0","0","0","0","0","0","0","0","0","0","0"
"2021","Texas A&M University Galveston","31","212","27","7143","0","0","0","226","26","5756","24963","0","0","0","431","31","12136","7","1","763","0","0","0","396","28","11898","0","0","0","42","3","1001","322","30","56","19","54","22","4","3","1","1","1","1","0","0","46","5","2932","392","28","9967","0","0","0","0","0","0","0","0","0","26","3","2341","6","1","570","0","0","0","0"
"2021","Texas Parks and Wildlife - Artificial Reef Program","5","13","5","240","0","0","0","0","0","0","24964","0","0","0","13","5","240","0","0","0","0","0","0","13","5","240","0","0","0","0","0","0","9","5","0","0","0","0","4","1","0","0","0","0","0","0","8","5","112","5","5","128","0","0","0","0","0","0","0","0","0","0","0","0","0","0","0","0","0","0","0"
"2021","The Downtown Aquarium Houston","16","1348","16","85405","0","0","0","0","0","0","24967","1044","15","67643","245","10","14846","0","0","0","59","5","2916","0","0","0","0","0","0","1348","16","85405","1348","16","0","0","0","0","0","0","0","0","0","0","0","0","1347","16","85380","1","1","25","1348","16","85405","0","0","0","0","0","0","0","0","0","0","0","0","0","0","0","0"
"2021","The Florida Aquarium","179","3177","179","194572","0","0","0","0","0","0","24968","379","82","18814","2625","179","168689","0","0","0","173","43","7069","39","13","1967","0","0","0","3138","175","192605","3177","179","0","0","0","0","0","0","0","0","0","0","0","0","2788","175","175430","389","82","19142","3153","179","193421","0","0","0","0","0","0","0","0","0","0","0","0","0","0","0","0"
"2021","The University of Maine","31","645","31","26521","0","0","0","8","3","209","24972","0","0","0","653","31","26730","0","0","0","0","0","0","580","31","23948","0","0","0","73","13","2782","439","31","180","30","32","14","2","2","0","0","0","0","0","0","293","13","12790","360","22","13940","0","0","0","0","0","0","0","0","0","0","0","0","1","1","65","0","0","0","0"
"2021","The University of New Hampshire","34","697","34","23062","0","0","0","0","0","0","24973","0","0","0","697","43","23062","0","0","0","0","0","0","613","34","20727","0","0","0","84","6","2335","364","35","303","32","28","13","2","2","0","0","0","0","0","0","404","30","14496","293","21","8566","0","0","0","0","0","0","0","0","0","0","0","0","0","0","0","0","0","0","0"
"2021","The University of Texas At Austin","4","78","6","3217","0","0","0","2","1","77","24974","0","0","0","80","6","3294","0","0","0","0","0","0","64","4","3024","0","0","0","16","2","270","69","6","10","2","1","1","0","0","0","0","0","0","0","0","24","1","1768","56","5","1526","0","0","0","0","0","0","0","0","0","0","0","0","0","0","0","0","0","0","0"
"2021","The University System of Georgia","17","337","17","21271","0","0","0","59","5","2296","24975","0","0","0","387","17","23178","9","1","389","0","0","0","393","16","23512","0","0","0","3","1","55","278","16","41","16","76","9","1","1","0","0","0","0","0","0","370","14","22833","26","11","734","55","1","3469","0","0","0","0","0","0","0","0","0","0","0","0","0","0","0","0"
"2021","Tierra Data Inc.","5","288","5","8736","11","1","271","119","2","8067","24976","0","0","0","407","5","16803","11","1","271","0","0","0","418","5","17074","0","0","0","0","0","0","89","5","103","5","209","5","10","5","3","2","3","1","1","1","297","5","12029","121","5","5045","0","0","0","0","0","0","0","0","0","0","0","0","0","0","0","0","0","0","0"
"2021","University At Buffalo","6","557","6","42044","0","0","0","0","0","0","24979","0","0","0","557","6","42044","0","0","0","0","0","0","557","6","42044","0","0","0","0","0","0","212","6","345","6","0","0","0","0","0","0","0","0","0","0","551","6","41684","6","6","360","0","0","0","0","0","0","0","0","0","0","0","0","0","0","0","0","0","0","0"
"2021","University of Alaska","26","314","26","6547","0","0","0","0","0","0","24980","0","0","0","314","26","6547","0","0","0","0","0","0","187","16","4023","0","0","0","127","11","2524","235","21","45","14","34","6","0","0","0","0","0","0","0","0","156","16","3323","158","23","3224","0","0","0","0","0","0","18","1","309","0","0","0","0","0","0","0","0","0","0"
"2021","University of California Los Angeles","30","831","30","26916","0","0","0","44","5","1257","24981","0","0","0","873","30","28039","2","1","134","0","0","0","681","28","22632","0","0","0","194","11","5541","617","26","228","26","25","16","5","2","0","0","0","0","0","0","681","28","22632","194","11","5541","0","0","0","0","0","0","0","0","0","0","0","0","0","0","0","0","0","0","0"
"2021","University of California, Davis","37","325","36","13269","0","0","0","113","19","3945","24983","0","0","0","438","37","17214","0","0","0","0","0","0","426","34","16494","0","0","0","12","9","720","324","36","76","18","38","10","0","0","0","0","0","0","0","0","252","25","8396","186","35","8818","0","0","0","0","0","0","0","0","0","2","2","60","0","0","0","0","0","0","0"
"2021","University of California, Santa Barbara","96","1878","74","93641","0","0","0","3278","66","132145","24984","0","0","0","5156","96","225786","0","0","0","0","0","0","5156","96","225786","0","0","0","0","0","0","2205","85","2810","90","139","24","2","2","0","0","0","0","0","0","4829","84","216230","327","42","9556","0","0","0","83","14","3892","0","0","0","0","0","0","0","0","0","0","0","0","1"
"2021","University of California, Santa Cruz","80","1721","79","85338","0","0","0","671","42","34072","24985","0","0","0","2392","80","119410","0","0","0","0","0","0","2158","79","105607","0","0","0","234","13","13803","1210","79","1049","64","133","28","0","0","0","0","0","0","0","0","2008","72","102717","384","42","16693","323","14","19180","10","10","365","0","0","0","0","0","0","0","0","0","0","0","0","0"
"2021","University of Connecticut Marine Sciences","19","201","19","6390","0","0","0","60","10","2477","24986","0","0","0","246","19","8158","15","1","709","0","0","0","261","19","8867","0","0","0","0","0","0","152","19","58","15","39","5","12","2","0","0","0","0","0","0","106","11","3112","155","15","5755","0","0","0","0","0","0","0","0","0","0","0","0","7","1","277","0","0","0","0"
"2021","University of Delaware","10","0","0","0","0","0","0","0","0","0","24987","0","0","0","0","0","0","0","0","0","0","0","0","0","0","0","0","0","0","0","0","0","0","0","0","0","0","0","0","0","0","0","0","0","0","0","0","0","0","0","0","0","0","0","0","0","0","0","0","0","0","0","0","0","0","0","0","0","0","0","0"
"2021","University of Florida","54","845","52","26802","0","0","0","165","26","5032","24988","55","1","268","955","54","31566","0","0","0","0","0","0","925","48","29265","0","0","0","85","8","2569","533","48","314","45","123","32","40","19","0","0","0","0","0","0","481","24","16334","529","46","15500","0","0","0","0","0","0","0","0","0","21","7","671","0","0","0","0","0","0","1"
"2021","University of Guam Marine Laboratory","19","352","19","18065","0","0","0","0","0","0","24989","0","0","0","352","19","18065","0","0","0","0","0","0","324","18","16543","0","0","0","28","1","1522","258","17","90","16","4","3","0","0","0","0","0","0","0","0","59","3","2342","293","17","15723","0","0","0","0","0","0","0","0","0","0","0","0","0","0","0","0","0","0","0"
"2021","University of Hawaii","112","2074","110","85318","0","0","0","422","51","24229","24990","0","0","0","2468","112","107960","28","4","1587","0","0","0","2127","103","95551","0","0","0","369","42","13996","796","90","1297","100","297","56","101","24","5","4","0","0","0","0","1602","80","76698","894","76","32849","0","0","0","0","0","0","131","2","4824","0","0","0","0","0","0","0","0","0","0"
"2021","University of Maryland","11","95","11","8643","0","0","0","0","0","0","24992","0","0","0","95","11","8643","0","0","0","0","0","0","37","7","1688","3","1","379","55","7","6576","72","11","17","3","6","1","0","0","0","0","0","0","0","0","71","8","7584","24","5","1059","0","0","0","0","0","0","0","0","0","0","0","0","0","0","0","0","0","0","0"
"2021","University of Miami/RSMAS","140","3356","140","134444","0","0","0","521","61","19238","24993","0","0","0","3802","140","150035","75","4","3647","0","0","0","3052","129","120627","14","2","798","811","35","32257","2527","137","1091","123","231","95","28","4","0","0","0","0","0","0","2100","58","98402","1777","116","55280","0","0","0","16","1","194","0","0","0","1","1","75","0","0","0","0","0","0","0"
"2021","University of Mississippi","5","29","5","968","0","0","0","13","2","453","24994","0","0","0","42","5","1421","0","0","0","0","0","0","42","5","1421","0","0","0","0","0","0","29","5","8","1","5","1","0","0","0","0","0","0","0","0","32","3","1201","10","5","220","0","0","0","0","0","0","0","0","0","0","0","0","0","0","0","0","0","0","0"
"2021","University of North Carolina","7","71","7","1659","0","0","0","0","0","0","24996","0","0","0","71","7","1659","0","0","0","0","0","0","43","5","954","0","0","0","28","2","705","59","7","10","3","2","1","0","0","0","0","0","0","0","0","34","5","842","37","7","817","0","0","0","0","0","0","0","0","0","0","0","0","0","0","0","0","0","0","0"
"2021","University of North Carolina At Wilmington","8","34","1","1358","0","0","0","104","7","2663","24997","0","0","0","138","8","4021","0","0","0","0","0","0","138","8","4021","0","0","0","0","0","0","55","6","45","7","36","7","2","1","0","0","0","0","0","0","89","4","2166","49","6","1855","0","0","0","0","0","0","0","0","0","0","0","0","0","0","0","0","0","0","0"
"2021","University of Puerto Rico At Mayaguez - Department of Marine Sciences","11","217","11","11935","0","0","0","7","2","237","24998","0","0","0","224","11","12172","0","0","0","0","0","0","169","9","9689","0","0","0","55","4","2483","137","10","57","10","30","6","0","0","0","0","0","0","0","0","193","9","11127","31","6","1045","0","0","0","7","1","153","0","0","0","0","0","0","2","1","65","0","0","0","0"
"2021","University of Rhode Island","42","689","42","27431","0","0","0","2","1","45","24999","0","0","0","691","42","27476","0","0","0","0","0","0","691","42","27476","0","0","0","0","0","0","445","42","192","32","38","11","16","4","0","0","0","0","0","0","366","26","17782","325","26","9694","0","0","0","0","0","0","0","0","0","0","0","0","2","1","45","0","0","0","0"
"2021","University of South Florida","49","1067","49","44298","0","0","0","602","32","22121","25000","0","0","0","1669","49","66419","0","0","0","0","0","0","1053","37","40530","0","0","0","616","29","25889","279","33","993","63","395","40","2","2","0","0","0","0","0","0","1525","49","61393","144","19","5026","0","0","0","21","3","897","0","0","0","0","0","0","0","0","0","0","0","0","0"
"2021","University of Southern California","18","212","18","8570","0","0","0","0","0","0","25001","0","0","0","212","18","8570","0","0","0","0","0","0","212","18","8570","0","0","0","0","0","0","140","18","60","9","11","3","1","1","0","0","0","0","0","0","161","10","6309","51","8","2261","0","0","0","0","0","0","0","0","0","0","0","0","0","0","0","0","0","0","0"
"2021","University of Tasmania, Australia","75","826","22","15277","0","0","0","2078","68","100569","25002","725","6","9526","2033","75","98926","146","9","7394","0","0","0","2370","61","96294","0","0","0","534","34","19552","1875","75","722","57","289","39","18","6","0","0","0","0","0","0","2121","53","84989","783","51","30857","0","0","0","0","0","0","0","0","0","0","0","0","0","0","0","0","0","0","0"
"2021","University of the Virgin Islands","36","1495","36","38899","0","0","0","1827","25","72751","25003","0","0","0","3083","36","103527","239","5","8123","0","0","0","3298","36","110958","0","0","0","24","16","692","1246","32","1036","36","568","32","260","13","198","12","14","5","0","0","3162","32","105885","160","16","5765","0","0","0","0","0","0","0","0","0","0","0","0","296","13","11202","0","0","0","0"
"2021","University of Washington","25","175","20","5940","0","0","0","46","6","1159","25004","0","0","0","221","25","7099","0","0","0","0","0","0","219","24","7050","0","0","0","2","2","49","128","19","79","15","14","8","0","0","0","0","0","0","0","0","122","12","4139","99","21","2960","0","0","0","8","5","145","0","0","0","4","2","52","0","0","0","0","0","0","0"
"2021","Victoria University of Wellington","14","470","14","23285","0","0","0","0","0","0","25005","0","0","0","470","14","23285","0","0","0","0","0","0","319","13","15822","0","0","0","151","14","7463","298","14","154","10","18","8","0","0","0","0","0","0","0","0","322","12","15414","148","14","7871","0","0","0","0","0","0","0","0","0","0","0","0","0","0","0","0","0","0","0"
"2021","Virginia Institute of Marine Science","10","127","10","3220","9","1","440","13","1","650","25007","26","1","1065","114","9","2805","9","1","440","0","0","0","63","8","2426","0","0","0","86","8","1884","95","9","34","5","19","2","1","1","0","0","0","0","0","0","93","8","2130","56","8","2180","0","0","0","0","0","0","0","0","0","0","0","0","0","0","0","0","0","0","0"
"2021","Woods Hole Oceanographic Institution","56","806","56","25697","11","0","1220","414","1","18938","25009","0","0","0","1182","56","41997","45","5","3598","4","1","260","1200","54","45496","0","0","0","31","5","359","454","31","546","35","220","27","6","3","1","1","4","1","0","0","743","29","27410","488","36","18445","0","0","0","0","0","0","0","0","0","13","2","995","17","4","446","0","0","0","0"
"2021","The Leon H.Charney School Marine Sciences University of Haifa","281","25","74","1650","45","107","3720","25","100","995","25010","0","0","0","44","160","2075","51","121","4290","0","0","0","95","281","6365","0","0","0","0","0","0","21","74","18","52","19","47","5","32","30","72","2","4","0","0","85","206","5765","10","75","600","0","0","0","0","0","0","0","0","0","0","0","0","51","121","4290","0","0","0","0"
"2021","National Park Service","121","3035","103","125774","0","0","0","2891","67","120347","25012","0","0","0","5425","117","214672","501","16","31449","0","0","0","5754","13","242917","0","0","0","172","111","3204","2404","115","2237","106","1042","79","188","35","52","13","3","1","0","0","5010","98","213571","916","100","32550","0","0","0","0","0","0","0","0","0","37","6","1977","137","11","6381","0","0","0","0"
"2021","George Mason University","8","145","8","5995","0","0","0","67","4","3929","25014","0","0","0","212","8","9924","0","0","0","0","0","0","212","8","9924","0","0","0","0","0","0","96","8","61","8","55","8","0","0","0","0","0","0","0","0","126","8","6132","86","8","3792","0","0","0","0","0","0","0","0","0","0","0","0","0","0","0","0","0","0","0"
"2021","Monterey Bay Aquarium Research Institute (MBARI)","7","71","7","3315","0","0","0","21","2","683","25017","0","0","0","92","7","3998","0","0","0","0","0","0","85","7","3625","0","0","0","7","1","373","31","5","38","7","21","4","2","2","0","0","0","0","0","0","54","7","2739","38","7","1259","0","0","0","22","3","886","0","0","0","0","0","0","0","0","0","0","0","0","0"
"2021","Maine Maritime Academy","8","100","8","6198","0","0","0","0","0","0","25018","0","0","0","100","8","6198","0","0","0","0","0","0","68","5","3882","0","0","0","32","3","2316","88","8","12","7","0","0","0","0","0","0","0","0","0","0","10","3","449","90","6","5749","0","0","0","0","0","0","0","0","0","0","0","0","0","0","0","0","0","0","0"
"2021","Los Angeles County Sanitation Districts","5","70","5","2260","0","0","0","0","0","0","25019","0","0","0","70","5","2260","0","0","0","0","0","0","70","5","2260","0","0","0","0","0","0","10","5","29","5","22","5","9","4","0","0","0","0","0","0","52","5","1721","18","5","539","0","0","0","0","0","0","0","0","0","0","0","0","0","0","0","0","0","0","0"
"2021","National Association of Black Scuba Divers Foundation","3","60","3","2325","0","0","0","0","0","0","25020","0","0","0","60","3","2325","0","0","0","0","0","0","60","3","2325","0","0","0","0","0","0","10","3","35","3","15","3","0","0","0","0","0","0","0","0","35","3","1575","25","3","750","0","0","0","0","0","0","0","0","0","0","0","0","0","0","0","0","0","0","0"
"2021","Texas A&M University - Corpus Christi","32","489","31","15355","0","0","0","28","9","705","25022","74","10","653","443","32","15407","0","0","0","0","0","0","427","31","15080","0","0","0","90","11","980","481","32","15","11","7","6","14","7","0","0","0","0","0","0","309","28","7167","208","26","8893","0","0","0","0","0","0","0","0","0","0","0","0","0","0","0","0","0","0","0"
"2021","Coastal Eco-Group, Inc.","9","943","9","39264","0","0","0","29","5","458","25023","0","0","0","972","9","39722","0","0","0","0","0","0","972","9","39722","0","0","0","0","0","0","953","9","3","3","16","5","0","0","0","0","0","0","0","0","972","9","39722","0","0","0","0","0","0","0","0","0","0","0","0","0","0","0","0","0","0","0","0","0","0"
"2021","Hawaii Pacific University","2","22","2","704","0","0","0","2","2","66","25024","0","0","0","24","2","770","0","0","0","0","0","0","24","2","770","0","0","0","0","0","0","2","2","8","2","14","2","0","0","0","0","0","0","0","0","2","2","66","22","2","704","0","0","0","0","0","0","0","0","0","0","0","0","0","0","0","0","0","0","0"
"2021","Jacobs","5","115","5","3940","0","0","0","0","0","0","25025","0","0","0","115","5","3940","0","0","0","0","0","0","80","4","2571","0","0","0","35","1","1369","82","5","33","5","0","0","0","0","0","0","0","0","0","0","94","5","2721","21","5","1219","0","0","0","0","0","0","0","0","0","0","0","0","0","0","0","0","0","0","0"
"2021","University of Belize","9","198","9","10037","0","0","0","0","0","0","25026","0","0","0","198","9","10037","0","0","0","0","0","0","153","6","7547","2","1","60","43","5","2430","80","9","71","9","32","4","15","3","0","0","0","0","0","0","170","8","8592","28","4","1445","0","0","0","0","0","0","0","0","0","0","0","0","0","0","0","0","0","0","0"
"2021","Seahorse Coastal Consulting","3","22","3","787","0","0","0","72","3","2150","25027","0","0","0","94","3","2937","0","0","0","0","0","0","94","3","2937","0","0","0","0","0","0","29","2","27","2","21","3","17","2","0","0","0","0","0","0","88","2","2712","6","2","225","0","0","0","0","0","0","0","0","0","2","1","70","0","0","0","0","0","0","0"
"2021","Bigelow Laboratory for Ocean Sciences","4","57","4","1834","0","0","0","0","0","0","25029","0","0","0","57","4","1834","0","0","0","0","0","0","57","4","1834","0","0","0","0","0","0","31","4","20","3","6","2","0","0","0","0","0","0","0","0","53","4","1723","4","2","111","0","0","0","0","0","0","0","0","0","0","0","0","0","0","0","0","0","0","0"
"2021","University of West Florida","44","519","44","25983","0","0","0","157","37","8293","25030","0","0","0","676","44","34276","0","0","0","0","0","0","676","44","34276","0","0","0","0","0","0","532","44","116","22","28","8","0","0","0","0","0","0","0","0","492","44","21594","184","44","12682","0","0","0","0","0","0","0","0","0","0","0","0","0","0","0","0","0","0","0"
"2021","Tetra Tech Center for Coastal Services","2","120","2","6547","0","0","0","0","0","0","25032","0","0","0","120","2","6547","0","0","0","0","0","0","120","2","6547","0","0","0","0","0","0","82","2","25","2","13","1","0","0","0","0","0","0","0","0","116","1","6375","4","1","172","0","0","0","0","0","0","0","0","0","0","0","0","0","0","0","0","0","0","0"
"2021","Zara Environmental LLC","8","152","8","5035","0","0","0","0","0","0","25033","0","0","0","152","8","5035","0","0","0","0","0","0","152","8","5035","0","0","0","0","0","0","152","8","0","0","0","0","0","0","0","0","0","0","0","0","119","6","3576","33","8","1459","0","0","0","0","0","0","0","0","0","0","0","0","0","0","0","0","0","0","0"
"2021","North Carolina State University","4","79","4","1857","0","0","0","0","0","0","25035","0","0","0","79","4","1857","0","0","0","0","0","0","79","4","1857","0","0","0","0","0","0","62","4","15","2","2","2","0","0","0","0","0","0","0","0","48","3","990","31","3","867","0","0","0","0","0","0","0","0","0","0","0","0","0","0","0","0","0","0","0"
"2021","Resource Environmental Solutions","2","34","1","2320","0","0","0","33","2","1076","25036","0","0","0","67","2","3396","0","0","0","0","0","0","67","2","3396","0","0","0","0","0","0","36","2","27","2","4","2","0","0","0","0","0","0","0","0","0","0","0","67","2","3396","0","0","0","0","0","0","0","0","0","0","0","0","0","0","0","0","0","0","0"
"2021","New York Harbor School/Billion Oyster Project","2","8","2","202","0","0","0","0","0","0","25037","0","0","0","8","2","202","0","0","0","0","0","0","8","2","202","0","0","0","0","0","0","8","2","0","0","0","0","0","0","0","0","0","0","0","0","5","1","112","3","1","90","0","0","0","0","0","0","0","0","0","0","0","0","0","0","0","0","0","0","0"
"2021","Walla Walla University","10","199","10","9360","0","0","0","49","1","2357","25041","0","0","0","248","10","11717","0","0","0","0","0","0","246","10","11622","0","0","0","2","1","95","25","10","140","10","78","10","5","1","0","0","0","0","0","0","120","8","5692","128","10","6025","0","0","0","0","0","0","0","0","0","0","0","0","0","0","0","0","0","0","0"
"2021","The Nature Conservancy North America Region","36","572","33","32439","0","0","0","312","12","8982","25043","0","0","0","884","36","41421","0","0","0","0","0","0","881","36","41361","0","0","0","3","3","60","691","34","161","23","31","7","1","1","0","0","0","0","0","0","836","31","39736","48","9","1685","0","0","0","12","5","532","0","0","0","0","0","0","0","0","0","0","0","0","0"
"2021","Florida Gulf Coast University","38","657","38","20205","8","2","272","145","25","4804","25044","0","0","0","810","38","25281","0","0","0","0","0","0","729","37","22621","52","2","1851","29","4","809","296","38","248","35","258","35","5","4","2","2","1","1","0","0","122","10","4601","688","36","20680","0","0","0","42","7","1255","0","0","0","41","16","1305","37","10","1099","0","0","0","0"
"2021","King Abdullah University of Science and Technology","136","1481","136","84452","0","0","0","0","0","0","25046","0","0","0","1481","136","84452","0","0","0","0","0","0","1481","136","84452","0","0","0","0","0","0","649","57","652","56","180","23","0","0","0","0","0","0","0","0","1481","136","84452","0","0","0","0","0","0","0","0","0","0","0","0","0","0","0","0","0","0","0","0","0","0"
"2021","AECOS","3","14","3","870","0","0","0","0","0","0","25050","0","0","0","14","3","870","0","0","0","0","0","0","14","3","870","0","0","0","0","0","0","14","3","0","0","0","0","0","0","0","0","0","0","0","0","14","3","870","0","0","0","0","0","0","0","0","0","0","0","0","0","0","0","0","0","0","0","0","0","0"
"2021","Avant-Garde Consulting","3","262","3","11004","0","0","0","0","0","0","27944","0","0","0","262","3","11004","0","0","0","0","0","0","0","0","0","0","0","0","262","3","11004","262","3","0","0","0","0","0","0","0","0","0","0","0","0","0","0","0","262","3","11004","0","0","0","0","0","0","0","0","0","0","0","0","262","3","11004","0","0","0","1"
"2021","Loveland Living Planet Aquarium","8","141","8","8113","0","0","0","0","0","0","28093","67","7","3825","74","8","4288","0","0","0","0","0","0","0","0","0","0","0","0","141","8","8113","139","8","0","0","2","1","0","0","0","0","0","0","0","0","126","8","7293","15","8","820","126","8","7293","0","0","0","7","3","185","26","8","1010","0","0","0","0","0","0","2"
"2021","GHD","3","0","0","0","0","0","0","0","0","0","28252","0","0","0","0","0","0","0","0","0","0","0","0","0","0","0","0","0","0","0","0","0","0","0","0","0","0","0","0","0","0","0","0","0","0","0","0","0","0","0","0","0","0","0","0","0","0","0","0","0","0","0","0","0","0","0","0","0","0","0","0"
"2021","North Carolina Underwater Archaeology Branch","8","49","8","1902","0","0","0","0","0","0","28283","0","0","0","49","8","1902","0","0","0","0","0","0","49","8","1902","0","0","0","0","0","0","37","8","12","4","0","0","0","0","0","0","0","0","0","0","34","6","1541","15","3","361","0","0","0","0","0","0","0","0","0","0","0","0","0","0","0","0","0","0","0"
"2021","DiveN2Life","13","334","13","12454","0","0","0","0","0","0","28369","0","0","0","334","13","12454","0","0","0","0","0","0","332","13","12394","0","0","0","2","1","60","260","13","47","13","20","10","7","5","0","0","0","0","0","0","69","7","3402","265","13","9052","1","1","60","0","0","0","0","0","0","27","11","977","6","2","199","0","0","0","0"
"2021","Flinders University","29","361","29","13480","0","0","0","0","0","0","28633","0","0","0","361","29","13480","0","0","0","0","0","0","0","0","0","0","0","0","361","29","13480","256","26","77","17","28","6","0","0","0","0","0","0","0","0","244","19","5694","117","16","7786","0","0","0","0","0","0","0","0","0","0","0","0","0","0","0","0","0","0","1"
"2021","New York University Abu Dhabi (NYUAD)","8","80","8","4773","0","0","0","3","1","111","29180","0","0","0","83","8","4884","0","0","0","0","0","0","83","8","4884","0","0","0","0","0","0","77","7","6","3","0","0","0","0","0","0","0","0","0","0","66","6","4265","17","6","619","0","0","0","0","0","0","0","0","0","0","0","0","4","1","220","0","0","0","0"
"2021","Sea Engineering, Inc.","5","103","5","3496","0","0","0","0","0","0","29207","0","0","0","103","5","3496","0","0","0","0","0","0","37","4","1149","0","0","0","66","3","2347","44","5","49","3","10","2","0","0","0","0","0","0","0","0","67","3","2357","36","5","1139","0","0","0","0","0","0","0","0","0","0","0","0","0","0","0","0","0","0","0"
"2021","Force Blue","103","144","103","8448","0","0","0","0","0","0","29324","0","0","0","144","103","8448","0","0","0","0","0","0","131","90","7668","0","0","0","13","13","780","98","108","46","36","0","0","0","0","0","0","0","0","0","0","105","90","6300","39","13","2148","0","0","0","0","0","0","0","0","0","0","0","0","0","0","0","0","0","0","0"
"2021","Salish Sea Oceanographic Diving Association","4","24","4","578","0","0","0","0","0","0","29377","0","0","0","24","4","578","0","0","0","0","0","0","21","4","470","0","0","0","3","1","108","8","2","7","4","7","2","2","1","0","0","0","0","0","0","3","2","120","21","3","458","0","0","0","0","0","0","0","0","0","0","0","0","0","0","0","0","0","0","0"
"2021","Reef Check","10","917","10","45007","0","0","0","0","0","0","29691","0","0","0","917","10","45007","0","0","0","0","0","0","917","10","45007","0","0","0","0","0","0","282","10","611","10","24","7","0","0","0","0","0","0","0","0","742","10","36300","175","8","8707","0","0","0","0","0","0","0","0","0","0","0","0","0","0","0","0","0","0","0"
"2021","College of Charleston","0","0","0","0","0","0","0","0","0","0","29899","0","0","0","0","0","0","0","0","0","0","0","0","0","0","0","0","0","0","0","0","0","0","0","0","0","0","0","0","0","0","0","0","0","0","0","0","0","0","0","0","0","0","0","0","0","0","0","0","0","0","0","0","0","0","0","0","0","0","0","0"
"2021","Connecticut Scuba Academy","11","121","11","2441","0","0","0","0","0","0","29916","0","0","0","121","11","2441","0","0","0","0","0","0","121","11","2441","0","0","0","0","0","0","110","11","5","3","6","3","0","0","0","0","0","0","0","0","53","3","1073","68","8","1368","0","0","0","0","0","0","3","2","30","0","0","0","0","0","0","0","0","0","0"
"2021","Applied Marine Sciences, Inc.","0","0","0","0","0","0","0","0","0","0","30017","0","0","0","0","0","0","0","0","0","0","0","0","0","0","0","0","0","0","0","0","0","0","0","0","0","0","0","0","0","0","0","0","0","0","0","0","0","0","0","0","0","0","0","0","0","0","0","0","0","0","0","0","0","0","0","0","0","0","0","0"
