Industry,Rate,Year
"Agriculture, forestry, fishing and hunting",5,2017
"Mining, quarrying, and oil and gas extraction",1.5,2017
Construction,3.1,2017
Manufacturing,3.5,2017
"Trade, transportation, and utilities",3.4,2017
"Newspaper, periodical, book, and directory publishers",1.1,2017
"Finance, insurance, and real estate",1,2017
Educational services,1.9,2017
Performing arts companies,5.9,2017
Scientific Diving,0.14,2017
"Agriculture, forestry, fishing and hunting",6.1,2016
"Mining, quarrying, and oil and gas extraction",1.5,2016
Construction,3.2,2016
Manufacturing,3.6,2016
"Trade, transportation, and utilities",3.4,2016
"Newspaper, periodical, book, and directory publishers",1.3,2016
"Finance, insurance, and real estate",1.1,2016
Educational services,2,2016
Performing arts companies,6.5,2016
Scientific Diving,0.22,2016
"Agriculture, forestry, fishing and hunting",5.7,2015
"Mining, quarrying, and oil and gas extraction",1.4,2015
Construction,3.5,2015
Manufacturing,3.8,2015
"Trade, transportation, and utilities",3.6,2015
"Newspaper, periodical, book, and directory publishers",1.4,2015
"Finance, insurance, and real estate",1.1,2015
Educational services,2.1,2015
Performing arts companies,5.3,2015
Scientific Diving,0.19,2015
"Agriculture, forestry, fishing and hunting",5.5,2014
"Mining, quarrying, and oil and gas extraction",2,2014
Construction,3.6,2014
Manufacturing,4,2014
"Trade, transportation, and utilities",3.6,2014
"Newspaper, periodical, book, and directory publishers",1.7,2014
"Finance, insurance, and real estate",1.2,2014
Educational services,2.1,2014
Performing arts companies,5.4,2014
Scientific Diving,0.12,2014
"Agriculture, forestry, fishing and hunting",5.7,2013
"Mining, quarrying, and oil and gas extraction",2,2013
Construction,3.8,2013
Manufacturing,4,2013
"Trade, transportation, and utilities",3.8,2013
"Newspaper, periodical, book, and directory publishers",1.5,2013
"Finance, insurance, and real estate",0.7,2013
Educational services,2,2013
Performing arts companies,6,2013
Scientific Diving,0.18,2013
"Agriculture, forestry, fishing and hunting",5.5,2012
"Mining, quarrying, and oil and gas extraction",2.1,2012
Construction,3.7,2012
Manufacturing,4.2,2012
"Trade, transportation, and utilities",3.9,2012
"Newspaper, periodical, book, and directory publishers",1.5,2012
"Finance, insurance, and real estate",0.8,2012
Educational services,1.9,2012
Performing arts companies,5.3,2012
Scientific Diving,0.17,2012
"Agriculture, forestry, fishing and hunting",5.5,2011
"Mining, quarrying, and oil and gas extraction",2.2,2011
Construction,3.9,2011
Manufacturing,4.3,2011
"Trade, transportation, and utilities",3.9,2011
"Newspaper, periodical, book, and directory publishers",2.2,2011
"Finance, insurance, and real estate",0.8,2011
Educational services,2.1,2011
Performing arts companies,7.4,2011
Scientific Diving,0.24,2011
"Agriculture, forestry, fishing and hunting",4.8,2010
"Mining, quarrying, and oil and gas extraction",2.3,2010
Construction,4,2010
Manufacturing,4.4,2010
"Trade, transportation, and utilities",4.1,2010
"Newspaper, periodical, book, and directory publishers",1.8,2010
"Finance, insurance, and real estate",0.8,2010
Educational services,2.2,2010
Performing arts companies,7.3,2010
Scientific Diving,0.08,2010
"Agriculture, forestry, fishing and hunting",5.3,2009
"Mining, quarrying, and oil and gas extraction",2.4,2009
Construction,4.3,2009
Manufacturing,4.3,2009
"Trade, transportation, and utilities",4.1,2009
"Newspaper, periodical, book, and directory publishers",1.9,2009
"Finance, insurance, and real estate",0.8,2009
Educational services,2.4,2009
Performing arts companies,8.2,2009
Scientific Diving,0.14,2009
"Agriculture, forestry, fishing and hunting",5.3,2008
"Mining, quarrying, and oil and gas extraction",2.9,2008
Construction,4.7,2008
Manufacturing,5,2008
"Trade, transportation, and utilities",4.4,2008
"Newspaper, periodical, book, and directory publishers",2.2,2008
"Finance, insurance, and real estate",0.9,2008
Educational services,2.3,2008
Performing arts companies,6.4,2008
Scientific Diving,0.07,2008
"Agriculture, forestry, fishing and hunting",5.4,2007
"Mining, quarrying, and oil and gas extraction",3.1,2007
Construction,5.4,2007
Manufacturing,5.6,2007
"Trade, transportation, and utilities",4.9,2007
"Newspaper, periodical, book, and directory publishers",2.4,2007
"Finance, insurance, and real estate",0.9,2007
Educational services,2.4,2007
Performing arts companies,7.5,2007
Scientific Diving,0.27,2007
"Agriculture, forestry, fishing and hunting",6,2006
"Mining, quarrying, and oil and gas extraction",3.5,2006
Construction,5.9,2006
Manufacturing,6,2006
"Trade, transportation, and utilities",5,2006
"Newspaper, periodical, book, and directory publishers",2.7,2006
"Finance, insurance, and real estate",0.9,2006
Educational services,2.3,2006
Performing arts companies,6.4,2006
Scientific Diving,0.2,2006
"Agriculture, forestry, fishing and hunting",6.1,2005
"Mining, quarrying, and oil and gas extraction",3.6,2005
Construction,6.3,2005
Manufacturing,6.3,2005
"Trade, transportation, and utilities",5.2,2005
"Newspaper, periodical, book, and directory publishers",2.9,2005
"Finance, insurance, and real estate",1,2005
Educational services,2.4,2005
Performing arts companies,6.2,2005
Scientific Diving,0.15,2005
"Agriculture, forestry, fishing and hunting",6.4,2004
"Mining, quarrying, and oil and gas extraction",3.8,2004
Construction,6.4,2004
Manufacturing,6.6,2004
"Trade, transportation, and utilities",5.5,2004
"Newspaper, periodical, book, and directory publishers",2.8,2004
"Finance, insurance, and real estate",0.9,2004
Educational services,2.5,2004
Performing arts companies,6.3,2004
Scientific Diving,0.28,2004
"Agriculture, forestry, fishing and hunting",6.2,2003
"Mining, quarrying, and oil and gas extraction",3.3,2003
Construction,6.8,2003
Manufacturing,6.8,2003
"Trade, transportation, and utilities",5.5,2003
"Newspaper, periodical, book, and directory publishers",2.9,2003
"Finance, insurance, and real estate",1.1,2003
Educational services,2.7,2003
Performing arts companies,6,2003
Scientific Diving,0.27,2003
"Agriculture, forestry, fishing and hunting",6.4,2002
"Mining, quarrying, and oil and gas extraction",4,2002
Construction,7.1,2002
Manufacturing,7.2,2002
"Trade, transportation, and utilities",5.7,2002
"Newspaper, periodical, book, and directory publishers",4,2002
"Finance, insurance, and real estate",1.7,2002
Educational services,2.8,2002
Performing arts companies,6.3,2002
Scientific Diving,0.55,2002
"Agriculture, forestry, fishing and hunting",7.3,2001
"Mining, quarrying, and oil and gas extraction",4,2001
Construction,7.9,2001
Manufacturing,8.1,2001
"Trade, transportation, and utilities",6.5,2001
"Newspaper, periodical, book, and directory publishers",4.6,2001
"Finance, insurance, and real estate",1.8,2001
Educational services,2.9,2001
Performing arts companies,7.1,2001
Scientific Diving,0.28,2001
"Agriculture, forestry, fishing and hunting",7.1,2000
"Mining, quarrying, and oil and gas extraction",4.7,2000
Construction,8.3,2000
Manufacturing,9,2000
"Trade, transportation, and utilities",6.4,2000
"Newspaper, periodical, book, and directory publishers",5.1,2000
"Finance, insurance, and real estate",1.9,2000
Educational services,3.2,2000
Performing arts companies,6.9,2000
Scientific Diving,0.26,2000
"Agriculture, forestry, fishing and hunting",7.3,1999
"Mining, quarrying, and oil and gas extraction",4.4,1999
Construction,8.6,1999
Manufacturing,9.2,1999
"Trade, transportation, and utilities",6.7,1999
"Newspaper, periodical, book, and directory publishers",5,1999
"Finance, insurance, and real estate",1.8,1999
Educational services,2.9,1999
Performing arts companies,6.7,1999
Scientific Diving,0.43,1999
"Agriculture, forestry, fishing and hunting",7.9,1998
"Mining, quarrying, and oil and gas extraction",4.9,1998
Construction,8.8,1998
Manufacturing,9.7,1998
"Trade, transportation, and utilities",6.9,1998
"Newspaper, periodical, book, and directory publishers",5.4,1998
"Finance, insurance, and real estate",1.9,1998
Educational services,3.1,1998
Performing arts companies,8.2,1998
Scientific Diving,0.17,1998
